aquarius,aries,cancer,capricorn,gemini,leo,libra,pisces,sagittarius,scorpio,taurus,virgo
Thoughtful,Sweet,Sweet,Confidence,Refreshed,Curious,Generous,Thoughtful,Fun,Charming,Quiet,Talkative
Cautious,Relieved,Pleased,Talkative,Relaxed,Stubborn,Warm,Thoughtful,Social,Cool,Truthful,Charming
Lucky,Surprised,Pleasant,Relieved,Loved,Serious,Moody,Serious,Excited,Fun,Smart,Fun
Honest,Fun,Sweet,Moody,Sweet,Creative,Thoughtful,Successful,Sweet,Happy,Conservative,Energetic
Stressed,Accomplished,Thoughtful,Hopeful,Sweet,Artistic,Generous,Confidence,Loved,Sweet,Successful,Touched
Sweet,Loved,Surprised,Happy,Surprised,Fun,Responsible,Sweet,Happy,Lucky,Truthful,Surprised
Hopeful,Sweet,Aggressive,Sweet,Relaxed,Honest,Quiet,Focus,Smart,Cautious,Charming,Grateful
Thoughtful,Honest,Charming,Joyful,Lucky,Joyful,Lucky,Sweet,Sweet,Lucky,Calm,Humble
Surprised,Thoughtful,Truthful,Excited,Cautious,Surprised,Smart,Smart,Quiet,Truthful,Confidence,Accomplished
Thoughtful,Energetic,Lucky,Loved,Surprised,Charming,Hopeful,Calm,Grateful,Independent,Humble,Lucky
Cautious,Calm,Energetic,Excited,Accomplished,Accomplished,Talkative,Depressed,Charming,Persuade,Attractive,Cautious
Energetic,Aggressive,Busy,Excited,Successful,Conservative,Loved,Thoughtful,Refreshed,Aggressive,Thoughtful,Successful
Lucky,Humble,Confidence,Persuade,Lucky,Cautious,Stubborn,Social,Peaceful,Lucky,Loved,Persuade
Honest,Accomplished,Surprised,Truthful,Excited,Calm,Brave,Sweet,Energetic,Surprised,Thoughtful,Honest
Surprised,Moody,Thoughtful,Calm,Sweet,Creative,Refreshed,Indifferent,Lucky,Lucky,Confidence,Cool
Relaxed,Patient,Moody,Independent,Fun,Successful,Helpful,Surprised,Mellow,Cherishing,Truthful,Lucky
Pleasant,Busy,Confidence,Successful,Sweet,Friendly,Generous,Aggressive,Thoughtful,Patient,Serious,Responsible
Loved,Conservative,Aggressive,Sweet,Aggressive,Relaxed,Creative,Talkative,Generous,Diligent,Aggressive,Thoughtful
Fun,Silly,Calm,Cautious,Truthful,Relaxed,Successful,Smart,Creative,Relaxed,Smart,Lucky
Truthful,Helpful,Sweet,Energetic,Serious,Cautious,Curious,Confidence,Cherishing,Serious,Cherishing,Thoughtful
Patient,Energetic,Aggressive,Patient,Aggressive,Sweet,Stubborn,Patient,Confidence,Energetic,Truthful,Patient
Talkative,Sweet,Truthful,Lucky,Calm,Dreamy,Generous,Confidence,Truthful,Brave,Truthful,Productive
Grateful,Thoughtful,Serious,Sweet,Lucky,Dreamy,Charming,Moody,Creative,Mellow,Confidence,Stubborn
Cautious,Hopeful,Peaceful,Smart,Stubborn,Truthful,Aggressive,Truthful,Sweet,Sweet,Calm,Social
Thoughtful,Curious,Lucky,Relaxed,Cool,Relieved,Refreshed,Relieved,Aggressive,Sweet,Thoughtful,Aggressive
Cautious,Relaxed,Diligent,Curious,Truthful,Confidence,Relieved,Surprised,Accomplished,Charming,Fun,Creative
Thoughtful,Fun,Cautious,Charming,Quiet,Loved,Honest,Warm,Peaceful,Loved,Sincere,Cautious
Energetic,Patient,Cherishing,Charming,Charming,Cherishing,Cherishing,Relieved,Truthful,Energetic,Accomplished,Charming
Hopeful,Lucky,Relaxed,Pleasant,Relieved,Quiet,Relaxed,Cautious,Happy,Sweet,Creative,Thoughtful
Peaceful,Creative,Serious,Relaxed,Truthful,Cool,Generous,Innocent,Satisfied,Relaxed,Mellow,Helpful
Thoughtful,Loved,Busy,Charming,Relaxed,Cautious,Cautious,Relaxed,Hopeful,Creative,Thoughtful,Responsible
